Date,Coronavirus,covid-19,isPartial,Time
2020-01-01,51,0,False,00:00:00
2020-01-01,60,0,False,01:00:00
2020-01-01,0,0,False,02:00:00
2020-01-01,0,0,False,03:00:00
2020-01-01,0,0,False,04:00:00
2020-01-01,0,0,False,05:00:00
2020-01-01,0,0,False,06:00:00
2020-01-01,0,0,False,07:00:00
2020-01-01,0,0,False,08:00:00
2020-01-01,0,0,False,09:00:00
2020-01-01,21,0,False,10:00:00
2020-01-01,14,0,False,11:00:00
2020-01-01,27,0,False,12:00:00
2020-01-01,23,0,False,13:00:00
2020-01-01,38,0,False,14:00:00
2020-01-01,45,0,False,15:00:00
2020-01-01,52,0,False,16:00:00
2020-01-01,47,0,False,17:00:00
2020-01-01,44,0,False,18:00:00
2020-01-01,42,0,False,19:00:00
2020-01-01,40,0,False,20:00:00
2020-01-01,57,0,False,21:00:00
2020-01-01,53,0,False,22:00:00
2020-01-01,57,0,False,23:00:00
2020-01-02,56,0,False,00:00:00
2020-01-02,57,0,False,01:00:00
2020-01-02,49,0,False,02:00:00
2020-01-02,53,0,False,03:00:00
2020-01-02,53,0,False,04:00:00
2020-01-02,36,0,False,05:00:00
2020-01-02,31,0,False,06:00:00
2020-01-02,29,0,False,07:00:00
2020-01-02,38,0,False,08:00:00
2020-01-02,36,0,False,09:00:00
2020-01-02,29,0,False,10:00:00
2020-01-02,34,0,False,11:00:00
2020-01-02,39,0,False,12:00:00
2020-01-02,45,0,False,13:00:00
2020-01-02,48,0,False,14:00:00
2020-01-02,51,0,False,15:00:00
2020-01-02,58,0,False,16:00:00
2020-01-02,54,0,False,17:00:00
2020-01-02,55,0,False,18:00:00
2020-01-02,56,0,False,19:00:00
2020-01-02,60,0,False,20:00:00
2020-01-02,66,0,False,21:00:00
2020-01-02,44,0,False,22:00:00
2020-01-02,61,0,False,23:00:00
2020-01-03,60,0,False,00:00:00
2020-01-03,68,0,False,01:00:00
2020-01-03,65,0,False,02:00:00
2020-01-03,63,0,False,03:00:00
2020-01-03,50,0,False,04:00:00
2020-01-03,37,0,False,05:00:00
2020-01-03,39,0,False,06:00:00
2020-01-03,47,0,False,07:00:00
2020-01-03,29,0,False,08:00:00
2020-01-03,33,0,False,09:00:00
2020-01-03,38,0,False,10:00:00
2020-01-03,40,0,False,11:00:00
2020-01-03,41,0,False,12:00:00
2020-01-03,50,0,False,13:00:00
2020-01-03,59,0,False,14:00:00
2020-01-03,63,0,False,15:00:00
2020-01-03,64,0,False,16:00:00
2020-01-03,54,0,False,17:00:00
2020-01-03,57,0,False,18:00:00
2020-01-03,69,0,False,19:00:00
2020-01-03,57,0,False,20:00:00
2020-01-03,64,0,False,21:00:00
2020-01-03,75,0,False,22:00:00
2020-01-03,75,0,False,23:00:00
2020-01-04,80,0,False,00:00:00
2020-01-04,86,0,False,01:00:00
2020-01-04,74,0,False,02:00:00
2020-01-04,60,0,False,03:00:00
2020-01-04,63,0,False,04:00:00
2020-01-04,47,0,False,05:00:00
2020-01-04,52,0,False,06:00:00
2020-01-04,41,0,False,07:00:00
2020-01-04,45,0,False,08:00:00
2020-01-04,32,0,False,09:00:00
2020-01-04,34,0,False,10:00:00
2020-01-04,39,0,False,11:00:00
2020-01-04,43,0,False,12:00:00
2020-01-04,38,0,False,13:00:00
2020-01-04,46,0,False,14:00:00
2020-01-04,46,0,False,15:00:00
2020-01-04,53,0,False,16:00:00
2020-01-04,45,0,False,17:00:00
2020-01-04,51,0,False,18:00:00
2020-01-04,45,0,False,19:00:00
2020-01-04,55,0,False,20:00:00
2020-01-04,48,0,False,21:00:00
2020-01-04,59,0,False,22:00:00
2020-01-04,48,0,False,23:00:00
2020-01-05,57,0,False,00:00:00
2020-01-05,46,0,False,01:00:00
2020-01-05,53,0,False,02:00:00
2020-01-05,54,0,False,03:00:00
2020-01-05,46,0,False,04:00:00
2020-01-05,45,0,False,05:00:00
2020-01-05,42,0,False,06:00:00
2020-01-05,48,0,False,07:00:00
2020-01-05,36,0,False,08:00:00
2020-01-05,29,0,False,09:00:00
2020-01-05,35,0,False,10:00:00
2020-01-05,48,0,False,11:00:00
2020-01-05,48,0,False,12:00:00
2020-01-05,41,0,False,13:00:00
2020-01-05,40,0,False,14:00:00
2020-01-05,40,0,False,15:00:00
2020-01-05,44,0,False,16:00:00
2020-01-05,35,0,False,17:00:00
2020-01-05,51,0,False,18:00:00
2020-01-05,46,0,False,19:00:00
2020-01-05,49,0,False,20:00:00
2020-01-05,58,0,False,21:00:00
2020-01-05,58,0,False,22:00:00
2020-01-05,47,0,False,23:00:00
2020-01-06,58,0,False,00:00:00
2020-01-06,69,0,False,01:00:00
2020-01-06,60,0,False,02:00:00
2020-01-06,65,0,False,03:00:00
2020-01-06,60,0,False,04:00:00
2020-01-06,61,0,False,05:00:00
2020-01-06,56,0,False,06:00:00
2020-01-06,58,0,False,07:00:00
2020-01-06,45,0,False,08:00:00
2020-01-06,54,0,False,09:00:00
2020-01-06,35,0,False,10:00:00
2020-01-06,48,0,False,11:00:00
2020-01-06,49,0,False,12:00:00
2020-01-06,55,0,False,13:00:00
2020-01-06,66,0,False,14:00:00
2020-01-06,72,0,False,15:00:00
2020-01-06,53,0,False,16:00:00
2020-01-06,63,0,False,17:00:00
2020-01-06,66,0,False,18:00:00
2020-01-06,69,0,False,19:00:00
2020-01-06,66,0,False,20:00:00
2020-01-06,66,0,False,21:00:00
2020-01-06,63,0,False,22:00:00
2020-01-06,69,0,False,23:00:00
2020-01-07,100,0,False,00:00:00
2020-01-07,83,0,False,01:00:00
2020-01-07,74,0,False,02:00:00
2020-01-07,89,0,False,03:00:00
2020-01-07,67,0,False,04:00:00
2020-01-07,64,0,False,05:00:00
2020-01-07,44,0,False,06:00:00
2020-01-07,53,0,False,07:00:00
2020-01-07,51,0,False,08:00:00
2020-01-07,38,0,False,09:00:00
2020-01-07,50,0,False,10:00:00
2020-01-07,40,0,False,11:00:00
2020-01-07,44,0,False,12:00:00
2020-01-07,54,0,False,13:00:00
2020-01-07,52,0,False,14:00:00
2020-01-07,56,0,False,15:00:00
2020-01-07,77,0,False,16:00:00
2020-01-07,64,0,False,17:00:00
2020-01-07,60,0,False,18:00:00
2020-01-07,56,0,False,19:00:00
2020-01-07,61,0,False,20:00:00
2020-01-07,60,0,False,21:00:00
2020-01-07,65,0,False,22:00:00
2020-01-07,85,0,False,23:00:00
2020-01-08,72,0,False,00:00:00
2020-01-08,14,0,False,00:00:00
2020-01-08,13,0,False,01:00:00
2020-01-08,13,0,False,02:00:00
2020-01-08,12,0,False,03:00:00
2020-01-08,11,0,False,04:00:00
2020-01-08,11,0,False,05:00:00
2020-01-08,8,0,False,06:00:00
2020-01-08,10,0,False,07:00:00
2020-01-08,9,0,False,08:00:00
2020-01-08,6,0,False,09:00:00
2020-01-08,7,0,False,10:00:00
2020-01-08,6,0,False,11:00:00
2020-01-08,9,0,False,12:00:00
2020-01-08,10,0,False,13:00:00
2020-01-08,15,0,False,14:00:00
2020-01-08,16,0,False,15:00:00
2020-01-08,20,0,False,16:00:00
2020-01-08,21,0,False,17:00:00
2020-01-08,19,0,False,18:00:00
2020-01-08,20,0,False,19:00:00
2020-01-08,22,0,False,20:00:00
2020-01-08,22,0,False,21:00:00
2020-01-08,20,0,False,22:00:00
2020-01-08,22,0,False,23:00:00
2020-01-09,42,0,False,00:00:00
2020-01-09,45,0,False,01:00:00
2020-01-09,54,0,False,02:00:00
2020-01-09,59,0,False,03:00:00
2020-01-09,56,0,False,04:00:00
2020-01-09,54,0,False,05:00:00
2020-01-09,55,0,False,06:00:00
2020-01-09,46,0,False,07:00:00
2020-01-09,50,0,False,08:00:00
2020-01-09,54,0,False,09:00:00
2020-01-09,60,0,False,10:00:00
2020-01-09,61,0,False,11:00:00
2020-01-09,76,0,False,12:00:00
2020-01-09,75,0,False,13:00:00
2020-01-09,75,0,False,14:00:00
2020-01-09,71,0,False,15:00:00
2020-01-09,64,0,False,16:00:00
2020-01-09,57,0,False,17:00:00
2020-01-09,57,0,False,18:00:00
2020-01-09,55,0,False,19:00:00
2020-01-09,49,0,False,20:00:00
2020-01-09,48,0,False,21:00:00
2020-01-09,54,0,False,22:00:00
2020-01-09,67,0,False,23:00:00
2020-01-10,65,0,False,00:00:00
2020-01-10,54,0,False,01:00:00
2020-01-10,55,0,False,02:00:00
2020-01-10,51,0,False,03:00:00
2020-01-10,43,0,False,04:00:00
2020-01-10,40,0,False,05:00:00
2020-01-10,44,0,False,06:00:00
2020-01-10,41,0,False,07:00:00
2020-01-10,41,0,False,08:00:00
2020-01-10,34,0,False,09:00:00
2020-01-10,78,0,False,10:00:00
2020-01-10,37,0,False,11:00:00
2020-01-10,36,0,False,12:00:00
2020-01-10,36,0,False,13:00:00
2020-01-10,34,0,False,14:00:00
2020-01-10,30,0,False,15:00:00
2020-01-10,32,0,False,16:00:00
2020-01-10,30,0,False,17:00:00
2020-01-10,28,0,False,18:00:00
2020-01-10,27,0,False,19:00:00
2020-01-10,28,0,False,20:00:00
2020-01-10,29,0,False,21:00:00
2020-01-10,31,0,False,22:00:00
2020-01-10,37,0,False,23:00:00
2020-01-11,33,0,False,00:00:00
2020-01-11,39,0,False,01:00:00
2020-01-11,48,0,False,02:00:00
2020-01-11,67,0,False,03:00:00
2020-01-11,91,0,False,04:00:00
2020-01-11,84,0,False,05:00:00
2020-01-11,75,0,False,06:00:00
2020-01-11,76,0,False,07:00:00
2020-01-11,73,0,False,08:00:00
2020-01-11,68,0,False,09:00:00
2020-01-11,100,0,False,10:00:00
2020-01-11,75,0,False,11:00:00
2020-01-11,83,0,False,12:00:00
2020-01-11,73,0,False,13:00:00
2020-01-11,81,0,False,14:00:00
2020-01-11,88,0,False,15:00:00
2020-01-11,83,0,False,16:00:00
2020-01-11,76,0,False,17:00:00
2020-01-11,72,0,False,18:00:00
2020-01-11,64,0,False,19:00:00
2020-01-11,46,0,False,20:00:00
2020-01-11,45,0,False,21:00:00
2020-01-11,50,0,False,22:00:00
2020-01-11,53,0,False,23:00:00
2020-01-12,38,0,False,00:00:00
2020-01-12,44,0,False,01:00:00
2020-01-12,57,0,False,02:00:00
2020-01-12,41,0,False,03:00:00
2020-01-12,43,0,False,04:00:00
2020-01-12,39,0,False,05:00:00
2020-01-12,38,0,False,06:00:00
2020-01-12,36,0,False,07:00:00
2020-01-12,34,0,False,08:00:00
2020-01-12,46,0,False,09:00:00
2020-01-12,52,0,False,10:00:00
2020-01-12,32,0,False,11:00:00
2020-01-12,34,0,False,12:00:00
2020-01-12,30,0,False,13:00:00
2020-01-12,33,0,False,14:00:00
2020-01-12,28,0,False,15:00:00
2020-01-12,45,0,False,16:00:00
2020-01-12,92,0,False,17:00:00
2020-01-12,90,0,False,18:00:00
2020-01-12,60,0,False,19:00:00
2020-01-12,44,0,False,20:00:00
2020-01-12,47,0,False,21:00:00
2020-01-12,45,0,False,22:00:00
2020-01-12,52,0,False,23:00:00
2020-01-13,49,0,False,00:00:00
2020-01-13,55,0,False,01:00:00
2020-01-13,52,0,False,02:00:00
2020-01-13,56,0,False,03:00:00
2020-01-13,43,0,False,04:00:00
2020-01-13,42,0,False,05:00:00
2020-01-13,50,0,False,06:00:00
2020-01-13,38,0,False,07:00:00
2020-01-13,31,0,False,08:00:00
2020-01-13,31,0,False,09:00:00
2020-01-13,32,0,False,10:00:00
2020-01-13,33,0,False,11:00:00
2020-01-13,33,0,False,12:00:00
2020-01-13,40,0,False,13:00:00
2020-01-13,42,0,False,14:00:00
2020-01-13,43,0,False,15:00:00
2020-01-13,52,0,False,16:00:00
2020-01-13,49,0,False,17:00:00
2020-01-13,46,0,False,18:00:00
2020-01-13,50,0,False,19:00:00
2020-01-13,46,0,False,20:00:00
2020-01-13,48,0,False,21:00:00
2020-01-13,51,0,False,22:00:00
2020-01-13,59,0,False,23:00:00
2020-01-14,54,0,False,00:00:00
2020-01-14,56,0,False,01:00:00
2020-01-14,53,0,False,02:00:00
2020-01-14,58,0,False,03:00:00
2020-01-14,58,0,False,04:00:00
2020-01-14,63,0,False,05:00:00
2020-01-14,47,0,False,06:00:00
2020-01-14,46,0,False,07:00:00
2020-01-14,38,0,False,08:00:00
2020-01-14,35,0,False,09:00:00
2020-01-14,38,0,False,10:00:00
2020-01-14,38,0,False,11:00:00
2020-01-14,45,0,False,12:00:00
2020-01-14,55,0,False,13:00:00
2020-01-14,71,0,False,14:00:00
2020-01-14,66,0,False,15:00:00
2020-01-14,69,0,False,16:00:00
2020-01-14,72,0,False,17:00:00
2020-01-14,86,0,False,18:00:00
2020-01-14,77,0,False,19:00:00
2020-01-14,84,0,False,20:00:00
2020-01-14,77,0,False,21:00:00
2020-01-14,91,0,False,22:00:00
2020-01-14,87,0,False,23:00:00
2020-01-15,76,0,False,00:00:00
2020-01-15,0,0,False,00:00:00
2020-01-15,0,0,False,01:00:00
2020-01-15,0,0,False,02:00:00
2020-01-15,0,0,False,03:00:00
2020-01-15,0,0,False,04:00:00
2020-01-15,0,0,False,05:00:00
2020-01-15,0,0,False,06:00:00
2020-01-15,0,0,False,07:00:00
2020-01-15,0,0,False,08:00:00
2020-01-15,0,0,False,09:00:00
2020-01-15,0,0,False,10:00:00
2020-01-15,0,0,False,11:00:00
2020-01-15,0,0,False,12:00:00
2020-01-15,0,0,False,13:00:00
2020-01-15,0,0,False,14:00:00
2020-01-15,0,0,False,15:00:00
2020-01-15,0,0,False,16:00:00
2020-01-15,0,0,False,17:00:00
2020-01-15,0,0,False,18:00:00
2020-01-15,0,0,False,19:00:00
2020-01-15,0,0,False,20:00:00
2020-01-15,0,0,False,21:00:00
2020-01-15,0,0,False,22:00:00
2020-01-15,0,0,False,23:00:00
2020-01-16,1,0,False,00:00:00
2020-01-16,1,0,False,01:00:00
2020-01-16,1,0,False,02:00:00
2020-01-16,1,0,False,03:00:00
2020-01-16,1,0,False,04:00:00
2020-01-16,1,0,False,05:00:00
2020-01-16,1,0,False,06:00:00
2020-01-16,1,0,False,07:00:00
2020-01-16,1,0,False,08:00:00
2020-01-16,1,0,False,09:00:00
2020-01-16,1,0,False,10:00:00
2020-01-16,1,0,False,11:00:00
2020-01-16,1,0,False,12:00:00
2020-01-16,1,0,False,13:00:00
2020-01-16,1,0,False,14:00:00
2020-01-16,1,0,False,15:00:00
2020-01-16,1,0,False,16:00:00
2020-01-16,1,0,False,17:00:00
2020-01-16,1,0,False,18:00:00
2020-01-16,1,0,False,19:00:00
2020-01-16,1,0,False,20:00:00
2020-01-16,1,0,False,21:00:00
2020-01-16,1,0,False,22:00:00
2020-01-16,1,0,False,23:00:00
2020-01-17,1,0,False,00:00:00
2020-01-17,1,0,False,01:00:00
2020-01-17,1,0,False,02:00:00
2020-01-17,2,0,False,03:00:00
2020-01-17,2,0,False,04:00:00
2020-01-17,2,0,False,05:00:00
2020-01-17,2,0,False,06:00:00
2020-01-17,1,0,False,07:00:00
2020-01-17,1,0,False,08:00:00
2020-01-17,1,0,False,09:00:00
2020-01-17,1,0,False,10:00:00
2020-01-17,1,0,False,11:00:00
2020-01-17,1,0,False,12:00:00
2020-01-17,1,0,False,13:00:00
2020-01-17,1,0,False,14:00:00
2020-01-17,1,0,False,15:00:00
2020-01-17,1,0,False,16:00:00
2020-01-17,1,0,False,17:00:00
2020-01-17,1,0,False,18:00:00
2020-01-17,2,0,False,19:00:00
2020-01-17,2,0,False,20:00:00
2020-01-17,2,0,False,21:00:00
2020-01-17,2,0,False,22:00:00
2020-01-17,5,0,False,23:00:00
2020-01-18,3,0,False,00:00:00
2020-01-18,3,0,False,01:00:00
2020-01-18,3,0,False,02:00:00
2020-01-18,3,0,False,03:00:00
2020-01-18,4,0,False,04:00:00
2020-01-18,3,0,False,05:00:00
2020-01-18,2,0,False,06:00:00
2020-01-18,2,0,False,07:00:00
2020-01-18,2,0,False,08:00:00
2020-01-18,2,0,False,09:00:00
2020-01-18,1,0,False,10:00:00
2020-01-18,1,0,False,11:00:00
2020-01-18,2,0,False,12:00:00
2020-01-18,2,0,False,13:00:00
2020-01-18,2,0,False,14:00:00
2020-01-18,2,0,False,15:00:00
2020-01-18,3,0,False,16:00:00
2020-01-18,2,0,False,17:00:00
2020-01-18,2,0,False,18:00:00
2020-01-18,2,0,False,19:00:00
2020-01-18,2,0,False,20:00:00
2020-01-18,2,0,False,21:00:00
2020-01-18,2,0,False,22:00:00
2020-01-18,3,0,False,23:00:00
2020-01-19,3,0,False,00:00:00
2020-01-19,2,0,False,01:00:00
2020-01-19,2,0,False,02:00:00
2020-01-19,2,0,False,03:00:00
2020-01-19,2,0,False,04:00:00
2020-01-19,2,0,False,05:00:00
2020-01-19,2,0,False,06:00:00
2020-01-19,2,0,False,07:00:00
2020-01-19,2,0,False,08:00:00
2020-01-19,1,0,False,09:00:00
2020-01-19,1,0,False,10:00:00
2020-01-19,1,0,False,11:00:00
2020-01-19,2,0,False,12:00:00
2020-01-19,2,0,False,13:00:00
2020-01-19,2,0,False,14:00:00
2020-01-19,2,0,False,15:00:00
2020-01-19,2,0,False,16:00:00
2020-01-19,2,0,False,17:00:00
2020-01-19,2,0,False,18:00:00
2020-01-19,2,0,False,19:00:00
2020-01-19,2,0,False,20:00:00
2020-01-19,2,0,False,21:00:00
2020-01-19,1,0,False,22:00:00
2020-01-19,4,0,False,23:00:00
2020-01-20,3,0,False,00:00:00
2020-01-20,3,0,False,01:00:00
2020-01-20,3,0,False,02:00:00
2020-01-20,4,0,False,03:00:00
2020-01-20,5,0,False,04:00:00
2020-01-20,5,0,False,05:00:00
2020-01-20,5,0,False,06:00:00
2020-01-20,5,0,False,07:00:00
2020-01-20,4,0,False,08:00:00
2020-01-20,4,0,False,09:00:00
2020-01-20,4,0,False,10:00:00
2020-01-20,5,0,False,11:00:00
2020-01-20,5,0,False,12:00:00
2020-01-20,5,0,False,13:00:00
2020-01-20,5,0,False,14:00:00
2020-01-20,6,0,False,15:00:00
2020-01-20,9,0,False,16:00:00
2020-01-20,10,0,False,17:00:00
2020-01-20,12,0,False,18:00:00
2020-01-20,14,0,False,19:00:00
2020-01-20,12,0,False,20:00:00
2020-01-20,14,0,False,21:00:00
2020-01-20,16,0,False,22:00:00
2020-01-20,23,0,False,23:00:00
2020-01-21,17,0,False,00:00:00
2020-01-21,16,0,False,01:00:00
2020-01-21,18,0,False,02:00:00
2020-01-21,23,0,False,03:00:00
2020-01-21,21,0,False,04:00:00
2020-01-21,21,0,False,05:00:00
2020-01-21,21,0,False,06:00:00
2020-01-21,19,0,False,07:00:00
2020-01-21,16,0,False,08:00:00
2020-01-21,14,0,False,09:00:00
2020-01-21,15,0,False,10:00:00
2020-01-21,16,0,False,11:00:00
2020-01-21,18,0,False,12:00:00
2020-01-21,19,0,False,13:00:00
2020-01-21,19,0,False,14:00:00
2020-01-21,17,0,False,15:00:00
2020-01-21,16,0,False,16:00:00
2020-01-21,17,0,False,17:00:00
2020-01-21,40,0,False,18:00:00
2020-01-21,100,0,False,19:00:00
2020-01-21,99,0,False,20:00:00
2020-01-21,85,0,False,21:00:00
2020-01-21,83,0,False,22:00:00
2020-01-21,87,0,False,23:00:00
2020-01-22,77,0,False,00:00:00
2020-01-22,25,0,False,00:00:00
2020-01-22,22,0,False,01:00:00
2020-01-22,22,0,False,02:00:00
2020-01-22,24,0,False,03:00:00
2020-01-22,24,0,False,04:00:00
2020-01-22,20,0,False,05:00:00
2020-01-22,15,0,False,06:00:00
2020-01-22,12,0,False,07:00:00
2020-01-22,10,0,False,08:00:00
2020-01-22,9,0,False,09:00:00
2020-01-22,9,0,False,10:00:00
2020-01-22,11,0,False,11:00:00
2020-01-22,13,0,False,12:00:00
2020-01-22,14,0,False,13:00:00
2020-01-22,18,0,False,14:00:00
2020-01-22,21,0,False,15:00:00
2020-01-22,23,0,False,16:00:00
2020-01-22,23,0,False,17:00:00
2020-01-22,24,0,False,18:00:00
2020-01-22,28,0,False,19:00:00
2020-01-22,31,0,False,20:00:00
2020-01-22,31,0,False,21:00:00
2020-01-22,34,0,False,22:00:00
2020-01-22,41,0,False,23:00:00
2020-01-23,34,0,False,00:00:00
2020-01-23,31,0,False,01:00:00
2020-01-23,31,0,False,02:00:00
2020-01-23,33,0,False,03:00:00
2020-01-23,30,0,False,04:00:00
2020-01-23,22,0,False,05:00:00
2020-01-23,18,0,False,06:00:00
2020-01-23,16,0,False,07:00:00
2020-01-23,14,0,False,08:00:00
2020-01-23,13,0,False,09:00:00
2020-01-23,14,0,False,10:00:00
2020-01-23,18,0,False,11:00:00
2020-01-23,21,0,False,12:00:00
2020-01-23,23,0,False,13:00:00
2020-01-23,26,0,False,14:00:00
2020-01-23,27,0,False,15:00:00
2020-01-23,31,0,False,16:00:00
2020-01-23,30,0,False,17:00:00
2020-01-23,33,0,False,18:00:00
2020-01-23,31,0,False,19:00:00
2020-01-23,32,0,False,20:00:00
2020-01-23,35,0,False,21:00:00
2020-01-23,38,0,False,22:00:00
2020-01-23,45,0,False,23:00:00
2020-01-24,39,0,False,00:00:00
2020-01-24,38,0,False,01:00:00
2020-01-24,39,0,False,02:00:00
2020-01-24,41,0,False,03:00:00
2020-01-24,40,0,False,04:00:00
2020-01-24,33,0,False,05:00:00
2020-01-24,29,0,False,06:00:00
2020-01-24,27,0,False,07:00:00
2020-01-24,24,0,False,08:00:00
2020-01-24,21,0,False,09:00:00
2020-01-24,22,0,False,10:00:00
2020-01-24,25,0,False,11:00:00
2020-01-24,28,0,False,12:00:00
2020-01-24,31,0,False,13:00:00
2020-01-24,32,0,False,14:00:00
2020-01-24,38,0,False,15:00:00
2020-01-24,45,0,False,16:00:00
2020-01-24,43,0,False,17:00:00
2020-01-24,42,0,False,18:00:00
2020-01-24,68,0,False,19:00:00
2020-01-24,74,0,False,20:00:00
2020-01-24,70,0,False,21:00:00
2020-01-24,70,0,False,22:00:00
2020-01-24,72,0,False,23:00:00
2020-01-25,63,0,False,00:00:00
2020-01-25,62,0,False,01:00:00
2020-01-25,60,0,False,02:00:00
2020-01-25,59,0,False,03:00:00
2020-01-25,59,0,False,04:00:00
2020-01-25,52,0,False,05:00:00
2020-01-25,50,0,False,06:00:00
2020-01-25,52,0,False,07:00:00
2020-01-25,52,0,False,08:00:00
2020-01-25,49,0,False,09:00:00
2020-01-25,45,0,False,10:00:00
2020-01-25,46,0,False,11:00:00
2020-01-25,47,0,False,12:00:00
2020-01-25,47,0,False,13:00:00
2020-01-25,47,0,False,14:00:00
2020-01-25,44,0,False,15:00:00
2020-01-25,46,0,False,16:00:00
2020-01-25,48,0,False,17:00:00
2020-01-25,50,0,False,18:00:00
2020-01-25,51,0,False,19:00:00
2020-01-25,50,0,False,20:00:00
2020-01-25,53,0,False,21:00:00
2020-01-25,62,0,False,22:00:00
2020-01-25,76,0,False,23:00:00
2020-01-26,69,0,False,00:00:00
2020-01-26,62,0,False,01:00:00
2020-01-26,61,0,False,02:00:00
2020-01-26,62,0,False,03:00:00
2020-01-26,60,0,False,04:00:00
2020-01-26,54,0,False,05:00:00
2020-01-26,49,0,False,06:00:00
2020-01-26,48,0,False,07:00:00
2020-01-26,49,0,False,08:00:00
2020-01-26,45,0,False,09:00:00
2020-01-26,43,0,False,10:00:00
2020-01-26,44,0,False,11:00:00
2020-01-26,49,0,False,12:00:00
2020-01-26,49,0,False,13:00:00
2020-01-26,50,0,False,14:00:00
2020-01-26,51,0,False,15:00:00
2020-01-26,54,0,False,16:00:00
2020-01-26,56,0,False,17:00:00
2020-01-26,58,0,False,18:00:00
2020-01-26,57,0,False,19:00:00
2020-01-26,55,0,False,20:00:00
2020-01-26,63,0,False,21:00:00
2020-01-26,66,0,False,22:00:00
2020-01-26,71,0,False,23:00:00
2020-01-27,67,0,False,00:00:00
2020-01-27,63,0,False,01:00:00
2020-01-27,63,0,False,02:00:00
2020-01-27,64,0,False,03:00:00
2020-01-27,65,0,False,04:00:00
2020-01-27,62,0,False,05:00:00
2020-01-27,57,0,False,06:00:00
2020-01-27,52,0,False,07:00:00
2020-01-27,47,0,False,08:00:00
2020-01-27,43,0,False,09:00:00
2020-01-27,43,0,False,10:00:00
2020-01-27,48,0,False,11:00:00
2020-01-27,50,0,False,12:00:00
2020-01-27,52,0,False,13:00:00
2020-01-27,54,0,False,14:00:00
2020-01-27,55,0,False,15:00:00
2020-01-27,58,0,False,16:00:00
2020-01-27,61,0,False,17:00:00
2020-01-27,61,0,False,18:00:00
2020-01-27,62,0,False,19:00:00
2020-01-27,65,0,False,20:00:00
2020-01-27,72,0,False,21:00:00
2020-01-27,77,0,False,22:00:00
2020-01-27,87,0,False,23:00:00
2020-01-28,80,0,False,00:00:00
2020-01-28,78,0,False,01:00:00
2020-01-28,80,0,False,02:00:00
2020-01-28,80,0,False,03:00:00
2020-01-28,79,0,False,04:00:00
2020-01-28,81,0,False,05:00:00
2020-01-28,79,0,False,06:00:00
2020-01-28,70,0,False,07:00:00
2020-01-28,62,0,False,08:00:00
2020-01-28,56,0,False,09:00:00
2020-01-28,57,0,False,10:00:00
2020-01-28,62,0,False,11:00:00
2020-01-28,64,0,False,12:00:00
2020-01-28,63,0,False,13:00:00
2020-01-28,64,0,False,14:00:00
2020-01-28,66,0,False,15:00:00
2020-01-28,76,0,False,16:00:00
2020-01-28,76,0,False,17:00:00
2020-01-28,77,0,False,18:00:00
2020-01-28,78,0,False,19:00:00
2020-01-28,86,0,False,20:00:00
2020-01-28,88,0,False,21:00:00
2020-01-28,95,0,False,22:00:00
2020-01-28,100,0,False,23:00:00
2020-01-29,88,0,False,00:00:00
2020-01-29,64,0,False,00:00:00
2020-01-29,61,0,False,01:00:00
2020-01-29,61,0,False,02:00:00
2020-01-29,59,0,False,03:00:00
2020-01-29,57,0,False,04:00:00
2020-01-29,56,0,False,05:00:00
2020-01-29,53,0,False,06:00:00
2020-01-29,48,0,False,07:00:00
2020-01-29,43,0,False,08:00:00
2020-01-29,39,0,False,09:00:00
2020-01-29,39,0,False,10:00:00
2020-01-29,44,0,False,11:00:00
2020-01-29,45,0,False,12:00:00
2020-01-29,45,0,False,13:00:00
2020-01-29,45,0,False,14:00:00
2020-01-29,47,0,False,15:00:00
2020-01-29,50,0,False,16:00:00
2020-01-29,50,0,False,17:00:00
2020-01-29,50,0,False,18:00:00
2020-01-29,52,0,False,19:00:00
2020-01-29,54,0,False,20:00:00
2020-01-29,56,0,False,21:00:00
2020-01-29,60,0,False,22:00:00
2020-01-29,60,0,False,23:00:00
2020-01-30,57,0,False,00:00:00
2020-01-30,52,0,False,01:00:00
2020-01-30,52,0,False,02:00:00
2020-01-30,51,0,False,03:00:00
2020-01-30,49,0,False,04:00:00
2020-01-30,48,0,False,05:00:00
2020-01-30,46,0,False,06:00:00
2020-01-30,42,0,False,07:00:00
2020-01-30,48,0,False,08:00:00
2020-01-30,44,0,False,09:00:00
2020-01-30,44,0,False,10:00:00
2020-01-30,47,0,False,11:00:00
2020-01-30,50,0,False,12:00:00
2020-01-30,50,0,False,13:00:00
2020-01-30,50,0,False,14:00:00
2020-01-30,51,0,False,15:00:00
2020-01-30,53,0,False,16:00:00
2020-01-30,55,0,False,17:00:00
2020-01-30,61,0,False,18:00:00
2020-01-30,68,0,False,19:00:00
2020-01-30,98,0,False,20:00:00
2020-01-30,99,0,False,21:00:00
2020-01-30,100,0,False,22:00:00
2020-01-30,88,0,False,23:00:00
2020-01-31,73,0,False,00:00:00
2020-01-31,66,0,False,01:00:00
2020-01-31,68,0,False,02:00:00
2020-01-31,68,0,False,03:00:00
2020-01-31,64,0,False,04:00:00
2020-01-31,62,0,False,05:00:00
2020-01-31,63,0,False,06:00:00
2020-01-31,57,0,False,07:00:00
2020-01-31,51,0,False,08:00:00
2020-01-31,56,0,False,09:00:00
2020-01-31,59,0,False,10:00:00
2020-01-31,60,0,False,11:00:00
2020-01-31,60,0,False,12:00:00
2020-01-31,59,0,False,13:00:00
2020-01-31,56,0,False,14:00:00
2020-01-31,58,0,False,15:00:00
2020-01-31,60,0,False,16:00:00
2020-01-31,60,0,False,17:00:00
2020-01-31,61,0,False,18:00:00
2020-01-31,61,0,False,19:00:00
2020-01-31,62,0,False,20:00:00
2020-01-31,65,0,False,21:00:00
2020-01-31,71,0,False,22:00:00
2020-01-31,71,0,False,23:00:00
2020-02-01,63,0,False,00:00:00
2020-02-01,55,0,False,01:00:00
2020-02-01,53,0,False,02:00:00
2020-02-01,51,0,False,03:00:00
2020-02-01,49,0,False,04:00:00
2020-02-01,46,0,False,05:00:00
2020-02-01,46,0,False,06:00:00
2020-02-01,47,0,False,07:00:00
2020-02-01,46,0,False,08:00:00
2020-02-01,41,0,False,09:00:00
2020-02-01,39,0,False,10:00:00
2020-02-01,39,0,False,11:00:00
2020-02-01,39,0,False,12:00:00
2020-02-01,38,0,False,13:00:00
2020-02-01,38,0,False,14:00:00
2020-02-01,36,0,False,15:00:00
2020-02-01,37,0,False,16:00:00
2020-02-01,39,0,False,17:00:00
2020-02-01,41,0,False,18:00:00
2020-02-01,43,0,False,19:00:00
2020-02-01,44,0,False,20:00:00
2020-02-01,44,0,False,21:00:00
2020-02-01,46,0,False,22:00:00
2020-02-01,48,0,False,23:00:00
2020-02-02,45,0,False,00:00:00
2020-02-02,42,0,False,01:00:00
2020-02-02,42,0,False,02:00:00
2020-02-02,43,0,False,03:00:00
2020-02-02,44,0,False,04:00:00
2020-02-02,41,0,False,05:00:00
2020-02-02,37,0,False,06:00:00
2020-02-02,37,0,False,07:00:00
2020-02-02,36,0,False,08:00:00
2020-02-02,34,0,False,09:00:00
2020-02-02,33,0,False,10:00:00
2020-02-02,33,0,False,11:00:00
2020-02-02,34,0,False,12:00:00
2020-02-02,35,0,False,13:00:00
2020-02-02,35,0,False,14:00:00
2020-02-02,34,0,False,15:00:00
2020-02-02,34,0,False,16:00:00
2020-02-02,34,0,False,17:00:00
2020-02-02,35,0,False,18:00:00
2020-02-02,36,0,False,19:00:00
2020-02-02,38,0,False,20:00:00
2020-02-02,38,0,False,21:00:00
2020-02-02,39,0,False,22:00:00
2020-02-02,37,0,False,23:00:00
2020-02-03,37,0,False,00:00:00
2020-02-03,33,0,False,01:00:00
2020-02-03,35,0,False,02:00:00
2020-02-03,34,0,False,03:00:00
2020-02-03,37,0,False,04:00:00
2020-02-03,37,0,False,05:00:00
2020-02-03,36,0,False,06:00:00
2020-02-03,34,0,False,07:00:00
2020-02-03,31,0,False,08:00:00
2020-02-03,28,0,False,09:00:00
2020-02-03,28,0,False,10:00:00
2020-02-03,29,0,False,11:00:00
2020-02-03,30,0,False,12:00:00
2020-02-03,30,0,False,13:00:00
2020-02-03,29,0,False,14:00:00
2020-02-03,30,0,False,15:00:00
2020-02-03,31,0,False,16:00:00
2020-02-03,31,0,False,17:00:00
2020-02-03,32,0,False,18:00:00
2020-02-03,32,0,False,19:00:00
2020-02-03,32,0,False,20:00:00
2020-02-03,33,0,False,21:00:00
2020-02-03,35,0,False,22:00:00
2020-02-03,36,0,False,23:00:00
2020-02-04,33,0,False,00:00:00
2020-02-04,32,0,False,01:00:00
2020-02-04,33,0,False,02:00:00
2020-02-04,34,0,False,03:00:00
2020-02-04,33,0,False,04:00:00
2020-02-04,32,0,False,05:00:00
2020-02-04,31,0,False,06:00:00
2020-02-04,29,0,False,07:00:00
2020-02-04,26,0,False,08:00:00
2020-02-04,24,0,False,09:00:00
2020-02-04,25,0,False,10:00:00
2020-02-04,26,0,False,11:00:00
2020-02-04,27,0,False,12:00:00
2020-02-04,26,0,False,13:00:00
2020-02-04,26,0,False,14:00:00
2020-02-04,26,0,False,15:00:00
2020-02-04,27,0,False,16:00:00
2020-02-04,27,0,False,17:00:00
2020-02-04,28,0,False,18:00:00
2020-02-04,28,0,False,19:00:00
2020-02-04,29,0,False,20:00:00
2020-02-04,30,0,False,21:00:00
2020-02-04,32,0,False,22:00:00
2020-02-04,34,0,False,23:00:00
2020-02-05,31,0,False,00:00:00
2020-02-05,86,0,False,00:00:00
2020-02-05,83,0,False,01:00:00
2020-02-05,80,0,False,02:00:00
2020-02-05,80,0,False,03:00:00
2020-02-05,79,0,False,04:00:00
2020-02-05,78,0,False,05:00:00
2020-02-05,78,0,False,06:00:00
2020-02-05,72,0,False,07:00:00
2020-02-05,67,0,False,08:00:00
2020-02-05,62,0,False,09:00:00
2020-02-05,62,0,False,10:00:00
2020-02-05,66,0,False,11:00:00
2020-02-05,68,0,False,12:00:00
2020-02-05,66,0,False,13:00:00
2020-02-05,68,0,False,14:00:00
2020-02-05,68,0,False,15:00:00
2020-02-05,69,0,False,16:00:00
2020-02-05,69,0,False,17:00:00
2020-02-05,72,0,False,18:00:00
2020-02-05,74,0,False,19:00:00
2020-02-05,77,0,False,20:00:00
2020-02-05,80,0,False,21:00:00
2020-02-05,86,0,False,22:00:00
2020-02-05,90,0,False,23:00:00
2020-02-06,84,0,False,00:00:00
2020-02-06,82,0,False,01:00:00
2020-02-06,81,0,False,02:00:00
2020-02-06,82,0,False,03:00:00
2020-02-06,80,0,False,04:00:00
2020-02-06,78,0,False,05:00:00
2020-02-06,74,0,False,06:00:00
2020-02-06,68,0,False,07:00:00
2020-02-06,63,0,False,08:00:00
2020-02-06,58,0,False,09:00:00
2020-02-06,57,0,False,10:00:00
2020-02-06,61,0,False,11:00:00
2020-02-06,62,0,False,12:00:00
2020-02-06,67,0,False,13:00:00
2020-02-06,67,0,False,14:00:00
2020-02-06,69,0,False,15:00:00
2020-02-06,77,0,False,16:00:00
2020-02-06,81,0,False,17:00:00
2020-02-06,82,0,False,18:00:00
2020-02-06,79,0,False,19:00:00
2020-02-06,82,0,False,20:00:00
2020-02-06,92,0,False,21:00:00
2020-02-06,100,0,False,22:00:00
2020-02-06,100,0,False,23:00:00
2020-02-07,91,0,False,00:00:00
2020-02-07,91,0,False,01:00:00
2020-02-07,93,0,False,02:00:00
2020-02-07,92,0,False,03:00:00
2020-02-07,92,0,False,04:00:00
2020-02-07,90,0,False,05:00:00
2020-02-07,90,0,False,06:00:00
2020-02-07,83,0,False,07:00:00
2020-02-07,74,0,False,08:00:00
2020-02-07,71,0,False,09:00:00
2020-02-07,69,0,False,10:00:00
2020-02-07,72,0,False,11:00:00
2020-02-07,75,0,False,12:00:00
2020-02-07,75,0,False,13:00:00
2020-02-07,75,0,False,14:00:00
2020-02-07,77,0,False,15:00:00
2020-02-07,79,0,False,16:00:00
2020-02-07,80,0,False,17:00:00
2020-02-07,82,0,False,18:00:00
2020-02-07,82,0,False,19:00:00
2020-02-07,81,0,False,20:00:00
2020-02-07,82,0,False,21:00:00
2020-02-07,89,0,False,22:00:00
2020-02-07,96,0,False,23:00:00
2020-02-08,88,0,False,00:00:00
2020-02-08,85,0,False,01:00:00
2020-02-08,83,0,False,02:00:00
2020-02-08,83,0,False,03:00:00
2020-02-08,81,0,False,04:00:00
2020-02-08,77,0,False,05:00:00
2020-02-08,76,0,False,06:00:00
2020-02-08,74,0,False,07:00:00
2020-02-08,70,0,False,08:00:00
2020-02-08,70,0,False,09:00:00
2020-02-08,69,0,False,10:00:00
2020-02-08,69,0,False,11:00:00
2020-02-08,73,0,False,12:00:00
2020-02-08,74,0,False,13:00:00
2020-02-08,73,0,False,14:00:00
2020-02-08,73,0,False,15:00:00
2020-02-08,73,0,False,16:00:00
2020-02-08,74,0,False,17:00:00
2020-02-08,75,0,False,18:00:00
2020-02-08,78,0,False,19:00:00
2020-02-08,76,0,False,20:00:00
2020-02-08,78,0,False,21:00:00
2020-02-08,84,0,False,22:00:00
2020-02-08,89,0,False,23:00:00
2020-02-09,83,0,False,00:00:00
2020-02-09,80,0,False,01:00:00
2020-02-09,78,0,False,02:00:00
2020-02-09,77,0,False,03:00:00
2020-02-09,75,0,False,04:00:00
2020-02-09,71,0,False,05:00:00
2020-02-09,70,0,False,06:00:00
2020-02-09,72,0,False,07:00:00
2020-02-09,70,0,False,08:00:00
2020-02-09,67,0,False,09:00:00
2020-02-09,64,0,False,10:00:00
2020-02-09,64,0,False,11:00:00
2020-02-09,65,0,False,12:00:00
2020-02-09,64,0,False,13:00:00
2020-02-09,64,0,False,14:00:00
2020-02-09,60,0,False,15:00:00
2020-02-09,60,0,False,16:00:00
2020-02-09,63,0,False,17:00:00
2020-02-09,63,0,False,18:00:00
2020-02-09,67,0,False,19:00:00
2020-02-09,66,0,False,20:00:00
2020-02-09,66,0,False,21:00:00
2020-02-09,74,0,False,22:00:00
2020-02-09,81,0,False,23:00:00
2020-02-10,72,0,False,00:00:00
2020-02-10,69,0,False,01:00:00
2020-02-10,72,0,False,02:00:00
2020-02-10,73,0,False,03:00:00
2020-02-10,71,0,False,04:00:00
2020-02-10,71,0,False,05:00:00
2020-02-10,70,0,False,06:00:00
2020-02-10,71,0,False,07:00:00
2020-02-10,70,0,False,08:00:00
2020-02-10,63,0,False,09:00:00
2020-02-10,64,0,False,10:00:00
2020-02-10,66,0,False,11:00:00
2020-02-10,68,0,False,12:00:00
2020-02-10,70,0,False,13:00:00
2020-02-10,69,0,False,14:00:00
2020-02-10,67,0,False,15:00:00
2020-02-10,68,0,False,16:00:00
2020-02-10,69,0,False,17:00:00
2020-02-10,73,0,False,18:00:00
2020-02-10,73,0,False,19:00:00
2020-02-10,74,0,False,20:00:00
2020-02-10,79,0,False,21:00:00
2020-02-10,90,0,False,22:00:00
2020-02-10,89,0,False,23:00:00
2020-02-11,80,0,False,00:00:00
2020-02-11,77,0,False,01:00:00
2020-02-11,76,0,False,02:00:00
2020-02-11,75,0,False,03:00:00
2020-02-11,73,0,False,04:00:00
2020-02-11,71,0,False,05:00:00
2020-02-11,72,0,False,06:00:00
2020-02-11,70,0,False,07:00:00
2020-02-11,64,0,False,08:00:00
2020-02-11,59,0,False,09:00:00
2020-02-11,60,0,False,10:00:00
2020-02-11,62,0,False,11:00:00
2020-02-11,65,0,False,12:00:00
2020-02-11,63,0,False,13:00:00
2020-02-11,61,0,False,14:00:00
2020-02-11,62,1,False,15:00:00
2020-02-11,63,1,False,16:00:00
2020-02-11,66,1,False,17:00:00
2020-02-11,68,1,False,18:00:00
2020-02-11,70,1,False,19:00:00
2020-02-11,75,1,False,20:00:00
2020-02-11,78,1,False,21:00:00
2020-02-11,82,1,False,22:00:00
2020-02-11,81,1,False,23:00:00
2020-02-12,75,1,False,00:00:00
2020-02-12,97,2,False,00:00:00
2020-02-12,92,2,False,01:00:00
2020-02-12,92,2,False,02:00:00
2020-02-12,90,2,False,03:00:00
2020-02-12,89,2,False,04:00:00
2020-02-12,90,2,False,05:00:00
2020-02-12,92,2,False,06:00:00
2020-02-12,89,2,False,07:00:00
2020-02-12,82,1,False,08:00:00
2020-02-12,74,1,False,09:00:00
2020-02-12,72,1,False,10:00:00
2020-02-12,76,1,False,11:00:00
2020-02-12,79,1,False,12:00:00
2020-02-12,77,1,False,13:00:00
2020-02-12,74,1,False,14:00:00
2020-02-12,72,1,False,15:00:00
2020-02-12,73,1,False,16:00:00
2020-02-12,76,1,False,17:00:00
2020-02-12,83,1,False,18:00:00
2020-02-12,86,1,False,19:00:00
2020-02-12,87,1,False,20:00:00
2020-02-12,90,1,False,21:00:00
2020-02-12,94,1,False,22:00:00
2020-02-12,94,1,False,23:00:00
2020-02-13,99,2,False,00:00:00
2020-02-13,95,2,False,01:00:00
2020-02-13,98,2,False,02:00:00
2020-02-13,98,2,False,03:00:00
2020-02-13,97,2,False,04:00:00
2020-02-13,97,2,False,05:00:00
2020-02-13,100,2,False,06:00:00
2020-02-13,96,2,False,07:00:00
2020-02-13,86,2,False,08:00:00
2020-02-13,80,1,False,09:00:00
2020-02-13,79,1,False,10:00:00
2020-02-13,84,1,False,11:00:00
2020-02-13,87,1,False,12:00:00
2020-02-13,84,1,False,13:00:00
2020-02-13,82,1,False,14:00:00
2020-02-13,83,1,False,15:00:00
2020-02-13,86,1,False,16:00:00
2020-02-13,86,1,False,17:00:00
2020-02-13,87,1,False,18:00:00
2020-02-13,88,1,False,19:00:00
2020-02-13,88,1,False,20:00:00
2020-02-13,90,1,False,21:00:00
2020-02-13,97,1,False,22:00:00
2020-02-13,98,1,False,23:00:00
2020-02-14,93,2,False,00:00:00
2020-02-14,87,2,False,01:00:00
2020-02-14,86,2,False,02:00:00
2020-02-14,86,2,False,03:00:00
2020-02-14,86,2,False,04:00:00
2020-02-14,84,2,False,05:00:00
2020-02-14,81,2,False,06:00:00
2020-02-14,75,2,False,07:00:00
2020-02-14,67,2,False,08:00:00
2020-02-14,62,2,False,09:00:00
2020-02-14,62,1,False,10:00:00
2020-02-14,66,1,False,11:00:00
2020-02-14,66,1,False,12:00:00
2020-02-14,65,1,False,13:00:00
2020-02-14,65,1,False,14:00:00
2020-02-14,63,1,False,15:00:00
2020-02-14,63,1,False,16:00:00
2020-02-14,65,1,False,17:00:00
2020-02-14,69,1,False,18:00:00
2020-02-14,71,1,False,19:00:00
2020-02-14,72,1,False,20:00:00
2020-02-14,74,1,False,21:00:00
2020-02-14,78,1,False,22:00:00
2020-02-14,81,1,False,23:00:00
2020-02-15,77,1,False,00:00:00
2020-02-15,74,1,False,01:00:00
2020-02-15,74,2,False,02:00:00
2020-02-15,74,2,False,03:00:00
2020-02-15,73,2,False,04:00:00
2020-02-15,70,1,False,05:00:00
2020-02-15,71,1,False,06:00:00
2020-02-15,71,1,False,07:00:00
2020-02-15,68,1,False,08:00:00
2020-02-15,62,1,False,09:00:00
2020-02-15,69,1,False,10:00:00
2020-02-15,65,1,False,11:00:00
2020-02-15,66,1,False,12:00:00
2020-02-15,64,1,False,13:00:00
2020-02-15,61,1,False,14:00:00
2020-02-15,58,1,False,15:00:00
2020-02-15,58,1,False,16:00:00
2020-02-15,59,1,False,17:00:00
2020-02-15,60,1,False,18:00:00
2020-02-15,63,1,False,19:00:00
2020-02-15,63,1,False,20:00:00
2020-02-15,66,1,False,21:00:00
2020-02-15,71,1,False,22:00:00
2020-02-15,73,1,False,23:00:00
2020-02-16,69,1,False,00:00:00
2020-02-16,68,1,False,01:00:00
2020-02-16,68,1,False,02:00:00
2020-02-16,68,1,False,03:00:00
2020-02-16,68,1,False,04:00:00
2020-02-16,65,1,False,05:00:00
2020-02-16,64,1,False,06:00:00
2020-02-16,66,1,False,07:00:00
2020-02-16,63,1,False,08:00:00
2020-02-16,57,1,False,09:00:00
2020-02-16,54,1,False,10:00:00
2020-02-16,53,1,False,11:00:00
2020-02-16,57,1,False,12:00:00
2020-02-16,57,1,False,13:00:00
2020-02-16,55,1,False,14:00:00
2020-02-16,55,1,False,15:00:00
2020-02-16,55,1,False,16:00:00
2020-02-16,56,1,False,17:00:00
2020-02-16,59,1,False,18:00:00
2020-02-16,61,1,False,19:00:00
2020-02-16,62,1,False,20:00:00
2020-02-16,66,1,False,21:00:00
2020-02-16,71,1,False,22:00:00
2020-02-16,73,1,False,23:00:00
2020-02-17,73,2,False,00:00:00
2020-02-17,67,2,False,01:00:00
2020-02-17,67,2,False,02:00:00
2020-02-17,67,2,False,03:00:00
2020-02-17,67,2,False,04:00:00
2020-02-17,67,2,False,05:00:00
2020-02-17,66,2,False,06:00:00
2020-02-17,62,2,False,07:00:00
2020-02-17,57,2,False,08:00:00
2020-02-17,53,1,False,09:00:00
2020-02-17,52,1,False,10:00:00
2020-02-17,56,1,False,11:00:00
2020-02-17,58,1,False,12:00:00
2020-02-17,56,1,False,13:00:00
2020-02-17,55,1,False,14:00:00
2020-02-17,56,1,False,15:00:00
2020-02-17,55,1,False,16:00:00
2020-02-17,57,1,False,17:00:00
2020-02-17,58,1,False,18:00:00
2020-02-17,59,1,False,19:00:00
2020-02-17,60,1,False,20:00:00
2020-02-17,63,1,False,21:00:00
2020-02-17,69,1,False,22:00:00
2020-02-17,74,1,False,23:00:00
2020-02-18,68,1,False,00:00:00
2020-02-18,64,2,False,01:00:00
2020-02-18,65,2,False,02:00:00
2020-02-18,65,2,False,03:00:00
2020-02-18,65,2,False,04:00:00
2020-02-18,64,2,False,05:00:00
2020-02-18,62,1,False,06:00:00
2020-02-18,58,1,False,07:00:00
2020-02-18,53,1,False,08:00:00
2020-02-18,49,1,False,09:00:00
2020-02-18,49,1,False,10:00:00
2020-02-18,51,1,False,11:00:00
2020-02-18,55,1,False,12:00:00
2020-02-18,53,1,False,13:00:00
2020-02-18,52,1,False,14:00:00
2020-02-18,52,1,False,15:00:00
2020-02-18,53,1,False,16:00:00
2020-02-18,53,1,False,17:00:00
2020-02-18,56,1,False,18:00:00
2020-02-18,56,1,False,19:00:00
2020-02-18,55,1,False,20:00:00
2020-02-18,58,1,False,21:00:00
2020-02-18,63,1,False,22:00:00
2020-02-18,69,1,False,23:00:00
2020-02-19,70,1,False,00:00:00
2020-02-19,22,0,False,00:00:00
2020-02-19,20,0,False,01:00:00
2020-02-19,20,1,False,02:00:00
2020-02-19,20,1,False,03:00:00
2020-02-19,19,0,False,04:00:00
2020-02-19,18,0,False,05:00:00
2020-02-19,18,0,False,06:00:00
2020-02-19,17,0,False,07:00:00
2020-02-19,14,0,False,08:00:00
2020-02-19,13,0,False,09:00:00
2020-02-19,13,0,False,10:00:00
2020-02-19,14,0,False,11:00:00
2020-02-19,15,0,False,12:00:00
2020-02-19,15,0,False,13:00:00
2020-02-19,14,0,False,14:00:00
2020-02-19,14,0,False,15:00:00
2020-02-19,15,0,False,16:00:00
2020-02-19,15,0,False,17:00:00
2020-02-19,16,0,False,18:00:00
2020-02-19,16,0,False,19:00:00
2020-02-19,16,0,False,20:00:00
2020-02-19,17,0,False,21:00:00
2020-02-19,18,0,False,22:00:00
2020-02-19,19,0,False,23:00:00
2020-02-20,19,0,False,00:00:00
2020-02-20,18,0,False,01:00:00
2020-02-20,18,1,False,02:00:00
2020-02-20,18,1,False,03:00:00
2020-02-20,18,0,False,04:00:00
2020-02-20,18,0,False,05:00:00
2020-02-20,17,0,False,06:00:00
2020-02-20,16,0,False,07:00:00
2020-02-20,14,0,False,08:00:00
2020-02-20,13,0,False,09:00:00
2020-02-20,13,0,False,10:00:00
2020-02-20,14,0,False,11:00:00
2020-02-20,14,0,False,12:00:00
2020-02-20,14,0,False,13:00:00
2020-02-20,14,0,False,14:00:00
2020-02-20,14,0,False,15:00:00
2020-02-20,14,0,False,16:00:00
2020-02-20,14,0,False,17:00:00
2020-02-20,14,0,False,18:00:00
2020-02-20,15,0,False,19:00:00
2020-02-20,15,0,False,20:00:00
2020-02-20,17,0,False,21:00:00
2020-02-20,17,0,False,22:00:00
2020-02-20,19,0,False,23:00:00
2020-02-21,18,0,False,00:00:00
2020-02-21,17,0,False,01:00:00
2020-02-21,18,1,False,02:00:00
2020-02-21,17,1,False,03:00:00
2020-02-21,18,1,False,04:00:00
2020-02-21,19,0,False,05:00:00
2020-02-21,20,0,False,06:00:00
2020-02-21,20,0,False,07:00:00
2020-02-21,19,0,False,08:00:00
2020-02-21,19,0,False,09:00:00
2020-02-21,21,0,False,10:00:00
2020-02-21,23,0,False,11:00:00
2020-02-21,28,0,False,12:00:00
2020-02-21,27,0,False,13:00:00
2020-02-21,24,0,False,14:00:00
2020-02-21,25,0,False,15:00:00
2020-02-21,27,0,False,16:00:00
2020-02-21,39,0,False,17:00:00
2020-02-21,43,0,False,18:00:00
2020-02-21,45,0,False,19:00:00
2020-02-21,45,0,False,20:00:00
2020-02-21,45,0,False,21:00:00
2020-02-21,45,0,False,22:00:00
2020-02-21,40,0,False,23:00:00
2020-02-22,30,0,False,00:00:00
2020-02-22,25,0,False,01:00:00
2020-02-22,24,0,False,02:00:00
2020-02-22,23,0,False,03:00:00
2020-02-22,24,0,False,04:00:00
2020-02-22,29,0,False,05:00:00
2020-02-22,42,0,False,06:00:00
2020-02-22,49,0,False,07:00:00
2020-02-22,49,0,False,08:00:00
2020-02-22,52,0,False,09:00:00
2020-02-22,51,0,False,10:00:00
2020-02-22,50,0,False,11:00:00
2020-02-22,51,0,False,12:00:00
2020-02-22,47,0,False,13:00:00
2020-02-22,44,0,False,14:00:00
2020-02-22,42,0,False,15:00:00
2020-02-22,48,0,False,16:00:00
2020-02-22,54,0,False,17:00:00
2020-02-22,60,0,False,18:00:00
2020-02-22,63,0,False,19:00:00
2020-02-22,62,0,False,20:00:00
2020-02-22,60,0,False,21:00:00
2020-02-22,63,0,False,22:00:00
2020-02-22,59,0,False,23:00:00
2020-02-23,43,0,False,00:00:00
2020-02-23,32,0,False,01:00:00
2020-02-23,27,0,False,02:00:00
2020-02-23,26,0,False,03:00:00
2020-02-23,27,0,False,04:00:00
2020-02-23,31,0,False,05:00:00
2020-02-23,49,0,False,06:00:00
2020-02-23,70,0,False,07:00:00
2020-02-23,77,0,False,08:00:00
2020-02-23,77,0,False,09:00:00
2020-02-23,77,0,False,10:00:00
2020-02-23,79,0,False,11:00:00
2020-02-23,84,0,False,12:00:00
2020-02-23,79,0,False,13:00:00
2020-02-23,73,0,False,14:00:00
2020-02-23,72,0,False,15:00:00
2020-02-23,80,0,False,16:00:00
2020-02-23,85,0,False,17:00:00
2020-02-23,90,0,False,18:00:00
2020-02-23,98,0,False,19:00:00
2020-02-23,100,0,False,20:00:00
2020-02-23,99,1,False,21:00:00
2020-02-23,88,1,False,22:00:00
2020-02-23,63,1,False,23:00:00
2020-02-24,46,1,False,00:00:00
2020-02-24,37,1,False,01:00:00
2020-02-24,35,1,False,02:00:00
2020-02-24,35,1,False,03:00:00
2020-02-24,40,1,False,04:00:00
2020-02-24,59,1,False,05:00:00
2020-02-24,83,1,False,06:00:00
2020-02-24,90,1,False,07:00:00
2020-02-24,93,1,False,08:00:00
2020-02-24,91,1,False,09:00:00
2020-02-24,91,1,False,10:00:00
2020-02-24,98,1,False,11:00:00
2020-02-24,0,0,False,12:00:00
2020-02-24,0,0,False,13:00:00
2020-02-24,0,0,False,14:00:00
2020-02-24,0,0,False,15:00:00
2020-02-24,0,0,False,16:00:00
2020-02-24,0,0,False,17:00:00
2020-02-24,0,0,False,18:00:00
2020-02-24,0,0,False,19:00:00
2020-02-24,0,0,False,20:00:00
2020-02-24,0,0,False,21:00:00
2020-02-24,0,0,False,22:00:00
2020-02-24,0,0,False,23:00:00
2020-02-25,0,0,False,00:00:00
2020-02-25,0,0,False,01:00:00
2020-02-25,0,0,False,02:00:00
2020-02-25,0,0,False,03:00:00
2020-02-25,0,0,False,04:00:00
2020-02-25,0,0,False,05:00:00
2020-02-25,0,0,False,06:00:00
2020-02-25,0,0,False,07:00:00
2020-02-25,0,0,False,08:00:00
2020-02-25,0,0,False,09:00:00
2020-02-25,0,0,False,10:00:00
2020-02-25,0,0,False,11:00:00
2020-02-25,0,0,False,12:00:00
2020-02-25,0,0,False,13:00:00
2020-02-25,0,0,False,14:00:00
2020-02-25,0,0,False,15:00:00
2020-02-25,0,0,False,16:00:00
2020-02-25,0,0,False,17:00:00
2020-02-25,0,0,False,18:00:00
2020-02-25,0,0,False,19:00:00
2020-02-25,0,0,False,20:00:00
2020-02-25,0,0,False,21:00:00
2020-02-25,0,0,False,22:00:00
2020-02-25,0,0,False,23:00:00
2020-02-26,0,0,False,00:00:00
2020-03-18,0,0,False,00:00:00
2020-03-18,0,0,False,01:00:00
2020-03-18,0,0,False,02:00:00
2020-03-18,0,0,False,03:00:00
2020-03-18,0,0,False,04:00:00
2020-03-18,0,0,False,05:00:00
2020-03-18,0,0,False,06:00:00
2020-03-18,0,0,False,07:00:00
2020-03-18,0,0,False,08:00:00
2020-03-18,0,0,False,09:00:00
2020-03-18,0,0,False,10:00:00
2020-03-18,0,0,False,11:00:00
2020-03-18,0,0,False,12:00:00
2020-03-18,0,0,False,13:00:00
2020-03-18,0,0,False,14:00:00
2020-03-18,0,0,False,15:00:00
2020-03-18,100,100,False,16:00:00
2020-03-18,100,20,False,17:00:00
2020-03-18,17,1,False,18:00:00
2020-03-18,8,0,False,19:00:00
2020-03-18,5,0,False,20:00:00
2020-03-18,4,0,False,21:00:00
2020-03-18,4,0,False,22:00:00
2020-03-18,4,0,False,23:00:00
2020-03-19,4,0,False,00:00:00
2020-03-19,3,0,False,01:00:00
2020-03-19,3,0,False,02:00:00
2020-03-19,3,0,False,03:00:00
2020-03-19,3,0,False,04:00:00
2020-03-19,3,0,False,05:00:00
2020-03-19,3,0,False,06:00:00
2020-03-19,3,0,False,07:00:00
2020-03-19,2,0,False,08:00:00
2020-03-19,2,0,False,09:00:00
2020-03-19,2,0,False,10:00:00
2020-03-19,3,0,False,11:00:00
2020-03-19,3,0,False,12:00:00
2020-03-19,3,0,False,13:00:00
2020-03-19,3,0,False,14:00:00
2020-03-19,3,0,False,15:00:00
2020-03-19,3,0,False,16:00:00
2020-03-19,3,0,False,17:00:00
2020-03-19,3,0,False,18:00:00
2020-03-19,3,0,False,19:00:00
2020-03-19,4,0,False,20:00:00
2020-03-19,4,0,False,21:00:00
2020-03-19,4,0,False,22:00:00
2020-03-19,4,0,False,23:00:00
2020-03-20,4,0,False,00:00:00
